Site URL,Google Tags
http://www.accelmarketingsolutions.com,Error!
https://www.surtilaw.com/,No GTM- tags found in source!
https://www.surtilaw.com/,No UA- tags found in source!
https://www.surtilaw.com/,"['G-EKS9Z3804Z', 'G-EKS9Z3804Z']"
https://www.advancedinvestigationsct.com/,Error!
https://www.personalinjuryinmiami.com/,Error!
https://www.allenharrislaw.com/,Error!
https://www.alliancemeds.com,Error!
http://www.ansbacher.net/,No GTM- tags found in source!
http://www.ansbacher.net/,"[""UA-1597919-1')""]"
http://www.ansbacher.net/,"['G-7JZFHYGFRK', 'G-7JZFHYGFRK']"
http://www.ansbachereducation.com/,Error!
https://www.aronsohnweinersalerno.com/,Error!
https://www.baezlegal.com/,Error!
https://www.bbfpc.com/,Error!
https://www.barrowslevy.com/,Error!
https://www.belllg.com/,No GTM- tags found in source!
https://www.belllg.com/,No UA- tags found in source!
https://www.belllg.com/,"['G-M5C4XK8CJD', 'G-M5C4XK8CJD']"
https://www.benbarrettlaw.com/,Error!
https://www.lawofficecab.com/,Error!
http://www.bodnerlaw.com/,Error!
https://mlblaw.wpengine.com,No GTM- tags found in source!
https://mlblaw.wpengine.com,No UA- tags found in source!
https://mlblaw.wpengine.com,No G- tags found in source!
https://www.boydsquitieri.com/,Error!
https://breithaupt.wpengine.com/,No GTM- tags found in source!
https://breithaupt.wpengine.com/,No UA- tags found in source!
https://breithaupt.wpengine.com/,No G- tags found in source!
https://www.virginiacriminaldefenselawfirm.com/,Error!
https://www.pensacoladefenselawyer.com/,Error!
https://www.susanbutlerlaw.com/,Error!
https://www.casperdetoledo.com/,No GTM- tags found in source!
https://www.casperdetoledo.com/,No UA- tags found in source!
https://www.casperdetoledo.com/,"['G-T7XKN9JMFD', 'G-T7XKN9JMFD']"
https://www.cockrelllawfirm.com/,Error!
https://www.greggcohenlaw.com/,Error!
https://www.collisandgriffor.com/,Error!
https://www.dwilawyer-ny-nj.com,Error!
https://www.criminalnjattorney.com,Error!
https://www.cowdreyjenkins.com/,Error!
https://www.cheryldavidlaw.com/,Error!
https://www.adavilalaw.com/,Error!
https://www.davis-davislaw.com/,No GTM- tags found in source!
https://www.davis-davislaw.com/,No UA- tags found in source!
https://www.davis-davislaw.com/,"['G-PD8JB8H0PW', 'G-PD8JB8H0PW']"
https://www.jdegasperisesq.com/,Error!
https://www.demarcoandassociatesnj.com/,Error!
https://www.baskingridgedentist.com/,Error!
https://www.dorseylaw.net/,Error!
https://www.ljeassoc.com,Error!
https://www.elbaumlaw.com/,No GTM- tags found in source!
https://www.elbaumlaw.com/,No UA- tags found in source!
https://www.elbaumlaw.com/,"['G-Q243SMPE5H', 'G-Q243SMPE5H', 'G-5676.jpg"",']"
https://www.spartafamilylaw.com,Error!
https://www.usaresident.com/,Error!
https://www.finiziolawgroup.com/,Error!
https://www.floridapersonalinjurylawteam.com/,Error!
https://www.tomslawteam.com/,Error!
https://www.fortmanlaw.com/,No GTM- tags found in source!
https://www.fortmanlaw.com/,No UA- tags found in source!
https://www.fortmanlaw.com/,"['G-55E5NJE8FX', 'G-55E5NJE8FX']"
https://www.fsslaw.com/,Error!
https://www.fsalaw.com/,Error!
https://www.sgianna.com/,Error!
https://www.adg-law.com,Error!
https://www.gonzalezlawgroup.net/,Error!
https://www.texasaccidentlawyers.com/,Error!
https://www.jpgraveslaw.com/,Error!
https://www.greenberg-walden.com/,Error!
https://www.gslawyers.com/,Error!
https://www.guralnicklegal.com,Error!
https://www.habersilverandsimpson.com/,Error!
https://www.massdivorce.com,Error!
https://www.harrellpaulson.com/,Error!
https://www.hptriallaw.com/,Error!
https://www.hdfamilylaw.com/,No GTM- tags found in source!
https://www.hdfamilylaw.com/,No UA- tags found in source!
https://www.hdfamilylaw.com/,"['G-3FJBZM1WLP', 'G-3FJBZM1WLP']"
https://www.herringdefense.com/,Error!
https://www.heritageelderlaw.com/,Error!
https://www.lhermanlaw.com/,No GTM- tags found in source!
https://www.lhermanlaw.com/,No UA- tags found in source!
https://www.lhermanlaw.com/,"['G-LQBV4ZMEDY', 'G-LQBV4ZMEDY']"
https://www.hertinglaw.com/,Error!
https://www.pittsburgh-dui-lawyer.com/,Error!
https://www.sherihoidralaw.com/,Error!
https://www.lawhm.com/,Error!
https://www.hutnerklarish.com/,Error!
https://www.islawyers.com/,Error!
https://www.nassaucountyimmigration.com/,Error!
https://www.ingberiplawyer.com/,No GTM- tags found in source!
https://www.ingberiplawyer.com/,No UA- tags found in source!
https://www.ingberiplawyer.com/,"['G-RMYCYCT8Z8', 'G-RMYCYCT8Z8']"
https://www.jamesonfamilylaw.com/,Error!
https://www.jamesonfamilylaw.com/,Error!
https://www.jdkatz.com/,Error!
https://www.karinainjurylaw.com/,No GTM- tags found in source!
https://www.karinainjurylaw.com/,No UA- tags found in source!
https://www.karinainjurylaw.com/,"['G-NEEQL6QWGS', 'G-NEEQL6QWGS']"
https://www.karinainjurylaw.com/,No GTM- tags found in source!
https://www.karinainjurylaw.com/,No UA- tags found in source!
https://www.karinainjurylaw.com/,"['G-NEEQL6QWGS', 'G-NEEQL6QWGS']"
https://www.divorcesuffolkcounty.com/,Error!
https://www.rmkinjurylaw.com,No GTM- tags found in source!
https://www.rmkinjurylaw.com,"['UA-97872100-1""', ""UA-97872100-1'""]"
https://www.rmkinjurylaw.com,No G- tags found in source!
https://www.kolberlegal.com/,Error!
https://www.lauterlaw.com/,Error!
https://www.lalegalsolution.com/,No GTM- tags found in source!
https://www.lalegalsolution.com/,No UA- tags found in source!
https://www.lalegalsolution.com/,"['G-VXQ45SW4RJ', 'G-VXQ45SW4RJ']"
https://www.leelawltd.com/,Error!
https://www.lightmanimmigration.com/,Error!
https://liao.wpengine.com/,No GTM- tags found in source!
https://liao.wpengine.com/,No UA- tags found in source!
https://liao.wpengine.com/,"['G-JLJQPZDN9E', 'G-JLJQPZDN9E']"
https://www.robertlinderlaw.com,Error!
https://www.loker.law/,Error!
https://www.lutzlegal.com/,Error!
https://www.macrilawyers.com/,Error!
https://www.margaretmmahon.com/,Error!
https://www.petermandi.com/,Error!
https://www.manuelthompson.com/,Error!
https://www.mardinlylaw.com,Error!
https://www.markeyorsilaw.com/,No GTM- tags found in source!
https://www.markeyorsilaw.com/,"['UA-130397819-1', 'UA-130397819-1']"
https://www.markeyorsilaw.com/,"['G-X44JTYVZJL', 'G-X44JTYVZJL']"
https://www.themathislawfirm.com/,No GTM- tags found in source!
https://www.themathislawfirm.com/,No UA- tags found in source!
https://www.themathislawfirm.com/,"['G-VFEZTSJH9Y', 'G-VFEZTSJH9Y']"
https://www.mwmlawyers.com/,Error!
https://www.mm-lawoffices.com/,Error!
https://www.yourinjuryattorneys.com/,Error!
https://www.onguardforthee.com/,Error!
https://www.millerlawpractice.com/,Error!
https://www.lawmirza.com/,No GTM- tags found in source!
https://www.lawmirza.com/,No UA- tags found in source!
https://www.lawmirza.com/,"['G-P0XRNVECKS', 'G-P0XRNVECKS']"
https://www.morrisdoolan.com/,Error!
https://msameds.wpengine.com,Error!
https://www.needelmanlaw.com/,Error!
http://www.ebizaccounting.com/,Error!
http://www.richardnovaklaw.com/,Error!
https://www.brianogradylaw.com/,Error!
https://www.jchadparker.com/,Error!
http://www.paonezaleski.com,Error!
https://www.passerolaw.com/,Error!
https://www.hudsonvalleybkr.com/,Error!
http://www.divorcelaw4u.com/,Error!
https://www.michaelpolicastrolaw.com/,Error!
https://www.portsecurityusa.com/,Error!
https://www.attorneygeorgepoulos.com/,Error!
https://www.aboutdivorce.com/,Error!
http://employmentlaw-nj.com,Error!
https://www.radollaw.com/,Error!
https://rahmanlegal1.wpengine.com/,No GTM- tags found in source!
https://rahmanlegal1.wpengine.com/,No UA- tags found in source!
https://rahmanlegal1.wpengine.com/,No G- tags found in source!
https://www.ramosandramos.com/,Error!
https://www.rcfamilylawyers.com/,Error!
https://www.rrbslawnj.com/,Error!
https://www.rothenberglawnj.com/,No GTM- tags found in source!
https://www.rothenberglawnj.com/,No UA- tags found in source!
https://www.rothenberglawnj.com/,"['G-QMY4VKHDJY', 'G-QMY4VKHDJY']"
https://www.nassautrafficticketlawyer.com/,Error!
https://www.sahadilegalgroup.com/,No GTM- tags found in source!
https://www.sahadilegalgroup.com/,No UA- tags found in source!
https://www.sahadilegalgroup.com/,"['G-6WGD21EW2F', 'G-6WGD21EW2F']"
https://www.sahadilegal.com/,No GTM- tags found in source!
https://www.sahadilegal.com/,No UA- tags found in source!
https://www.sahadilegal.com/,"['G-ZS5CHS7ZRH', 'G-ZS5CHS7ZRH']"
https://www.debrasaltz.com/,Error!
https://www.jsandslaw.com/,Error!
https://www.realaccidentlawyer.com/,Error!
https://www.sesinilaw.com/,Error!
https://www.mazurdisabilitylaw.com/,No GTM- tags found in source!
https://www.mazurdisabilitylaw.com/,No UA- tags found in source!
https://www.mazurdisabilitylaw.com/,"['G-NDEQ5V28T6', 'G-NDEQ5V28T6']"
https://www.siragusalawfirm.com/,Error!
https://www.nj-criminalattorneys.com/,Error!
https://www.bergencriminalattorney.com/,Error!
https://www.nyc-criminal-attorneys.com/,Error!
https://www.rocklandcriminalattorneys.com/,Error!
https://www.stathisleonardis.com/,Error!
https://www.swerlinglaw.com/,Error!
https://www.timianfawcett.com/,Error!
https://www.jamestrainorpc.com/,Error!
http://www.tromblylaw.com/,No GTM- tags found in source!
http://www.tromblylaw.com/,"['UA-105023548-1', 'UA-105023548-1']"
http://www.tromblylaw.com/,"['G-XB3LNFGR93', 'G-XB3LNFGR93']"
http://www.ttnlaw.com/,Error!
https://www.bergencountyfamilylawyers.com,Error!
https://www.southjerseylawyers.com,Error!
http://www.thevigilantelawfirm.com,Error!
http://peltzwalker.com,Error!
https://www.disabilityinsattorney.com/,Error!
https://www.wdcpas.com/,Error!
https://www.whitepersonalinjury.com/,No GTM- tags found in source!
https://www.whitepersonalinjury.com/,No UA- tags found in source!
https://www.whitepersonalinjury.com/,"['G-7SDCT17Y4D', 'G-7SDCT17Y4D']"
https://www.wiltonlegal.com/,Error!
https://www.jacilaw.com,Error!
https://www.zimmetlaw.com/,Error!
https://www.zitserlaw.com/,Error!
